subreddit,posts,positive,negative,neutral,avg_polarity,avg_upvotes
bangladesh,100,17,5,78,0.05216022727272728,16.62
dhaka,206,28,10,168,0.04637491856848654,9.509708737864077
