subreddit,posts,positive,negative,neutral,avg_polarity,avg_upvotes
dhaka,231,51,12,168,0.11797996195723469,11.770562770562771
bangladesh,97,19,7,71,0.08107622617931896,26.68041237113402
