subreddit,total_posts,positive,neutral,negative,avg_polarity,avg_subvotes,avg_comments,avg_subjectivity
bangladesh,244,116,115,13,0.11533367665766552,19.37295081967213,9.565573770491802,0.351135328432954
dhaka,250,101,127,22,0.09826775990052923,10.804,17.156,0.3662386791528412
